customer_id,name,email
C001,Rahul,rahul@example.com
C002,Priya,priya@example.com
C003,Aman,aman@example.com
C004,Neha,neha@example.com
C005,Arjun,arjun@example.com
C006,Kavya,kavya@example.com
C007,Rohan,rohan@example.com
C008,Simran,simran@example.com
C009,Vikram,vikram@example.com
C010,Ananya,ananya@example.com
C011,Dev,dev@example.com
C012,Isha,isha@example.com
C013,Karan,karan@example.com
C014,Meera,meera@example.com
C015,Nikhil,nikhil@example.com
C016,Olivia,olivia@example.com
C017,Parth,parth@example.com
C018,Riya,riya@example.com
C019,Sahil,sahil@example.com
C020,Tanya,tanya@example.com
