order_id,customer_id,order_date,status
O1001,C001,2025-01-05,completed
O1002,C001,2025-01-18,completed
O1003,C001,2025-02-02,completed
O1004,C002,2025-01-07,completed
O1005,C002,2025-02-11,shipped
O1006,C003,2025-01-09,completed
O1007,C003,2025-02-20,pending
O1008,C004,2025-01-12,completed
O1009,C004,2025-03-01,completed
O1010,C005,2025-01-15,completed
O1011,C005,2025-02-08,completed
O1012,C006,2025-01-20,completed
O1013,C006,2025-03-05,shipped
O1014,C007,2025-01-22,completed
O1015,C007,2025-02-14,completed
O1016,C008,2025-01-25,completed
O1017,C008,2025-02-28,completed
O1018,C009,2025-01-28,completed
O1019,C009,2025-03-08,pending
O1020,C010,2025-02-01,completed
O1021,C010,2025-03-10,completed
O1022,C011,2025-02-03,completed
O1023,C011,2025-03-12,shipped
O1024,C012,2025-02-05,completed
O1025,C012,2025-03-15,completed
O1026,C013,2025-02-07,completed
O1027,C013,2025-03-18,completed
O1028,C014,2025-02-09,completed
O1029,C014,2025-03-20,pending
O1030,C015,2025-02-11,completed
O1031,C015,2025-03-22,completed
O1032,C016,2025-02-13,completed
O1033,C016,2025-03-25,shipped
O1034,C017,2025-02-15,completed
O1035,C017,2025-03-28,completed
O1036,C018,2025-02-17,completed
O1037,C018,2025-03-30,completed
O1038,C019,2025-02-19,completed
O1039,C019,2025-04-01,completed
O1040,C020,2025-02-21,completed
