order_item_id,order_id,product_id,quantity,unit_price
OI0001,O1001,P001,1,129.99
OI0002,O1001,P006,1,999.00
OI0003,O1001,P-BANANA-001,3,0.59
OI0004,O1002,P019,1,139.99
OI0005,O1002,P009,1,249.00
OI0006,O1003,P002,2,69.99
OI0007,O1003,P028,1,39.99
OI0008,O1004,P010,1,899.00
OI0009,O1004,P011,1,149.00
OI0010,O1005,P012,1,1099.00
OI0011,O1006,P004,1,180.00
OI0012,O1006,P005,1,95.00
OI0013,O1007,P021,1,699.00
OI0014,O1008,P013,1,399.00
OI0015,O1008,P014,1,799.00
OI0016,O1009,P029,2,29.99
OI0017,O1010,P015,1,1599.00
OI0018,O1010,P016,1,29.99
OI0019,O1011,P003,1,110.00
OI0020,O1012,P017,1,1499.00
OI0021,O1012,P018,1,49.99
OI0022,O1013,P008,1,1299.00
OI0023,O1014,P007,1,1199.00
OI0024,O1014,P022,1,429.00
OI0025,O1015,P001,1,129.99
OI0026,O1016,P020,1,59.99
OI0027,O1016,P-BANANA-002,5,0.65
OI0028,O1017,P023,1,199.99
OI0029,O1018,P024,1,329.99
OI0030,O1018,P025,1,999.00
OI0031,O1019,P026,1,149.99
OI0032,O1020,P027,1,130.00
OI0033,O1020,P030,1,179.99
OI0034,O1021,P006,1,999.00
OI0035,O1022,P002,1,69.99
OI0036,O1022,P-BANANA-003,2,0.55
OI0037,O1023,P010,1,899.00
OI0038,O1024,P011,1,149.00
OI0039,O1024,P012,1,1099.00
OI0040,O1025,P013,1,399.00
OI0041,O1026,P014,1,799.00
OI0042,O1026,P015,1,1599.00
OI0043,O1027,P016,2,29.99
OI0044,O1028,P017,1,1499.00
OI0045,O1029,P018,1,49.99
OI0046,O1030,P019,1,139.99
OI0047,O1030,P020,1,59.99
OI0048,O1031,P021,1,699.00
OI0049,O1032,P022,1,429.00
OI0050,O1032,P-BANANA-004,4,0.70
OI0051,O1033,P023,1,199.99
OI0052,O1034,P024,1,329.99
OI0053,O1034,P025,1,999.00
OI0054,O1035,P026,1,149.99
OI0055,O1036,P027,1,130.00
OI0056,O1036,P028,1,39.99
OI0057,O1037,P029,1,29.99
OI0058,O1038,P030,1,179.99
OI0059,O1038,P001,1,129.99
OI0060,O1039,P003,1,110.00
OI0061,O1040,P005,1,95.00
OI0062,O1040,P-BANANA-005,6,0.60
OI0063,O1001,P019,1,139.99
OI0064,O1002,P001,1,129.99
OI0065,O1011,P001,1,129.99
